username,name,url_main,url_user,exists,http_status,response_time_s
blknoiz06,Bluesky,https://bsky.app/,https://bsky.app/profile/blknoiz06.bsky.social,Claimed,200,2.525596471998142
blknoiz06,CashApp,https://cash.app,https://cash.app/$blknoiz06,Claimed,200,4.128891767992172
blknoiz06,Clubhouse,https://www.clubhouse.com,https://www.clubhouse.com/@blknoiz06,Claimed,200,3.8667263430106686
blknoiz06,Discord,https://discord.com/,https://discord.com,Claimed,200,5.990071420994354
blknoiz06,GitHub,https://www.github.com/,https://www.github.com/blknoiz06,Claimed,200,9.38846767200448
blknoiz06,Grailed,https://www.grailed.com/,https://www.grailed.com/blknoiz06,Claimed,200,8.798160186008317
blknoiz06,HackerRank,https://hackerrank.com/,https://hackerrank.com/blknoiz06,Claimed,200,12.12538980600948
blknoiz06,Keybase,https://keybase.io/,https://keybase.io/blknoiz06,Claimed,200,11.697781007998856
blknoiz06,Kick,https://kick.com/,https://kick.com/blknoiz06,Claimed,200,11.358724170000642
blknoiz06,Linktree,https://linktr.ee/,https://linktr.ee/blknoiz06,Claimed,200,11.932463763005217
blknoiz06,Medium,https://medium.com/,https://medium.com/@blknoiz06,Claimed,200,12.609788645000663
blknoiz06,OurDJTalk,https://ourdjtalk.com/,https://ourdjtalk.com/members?username=blknoiz06,Claimed,415,14.760995842007105
blknoiz06,SoundCloud,https://soundcloud.com/,https://soundcloud.com/blknoiz06,Claimed,200,18.86575822600571
blknoiz06,Steam Community (User),https://steamcommunity.com/,https://steamcommunity.com/id/blknoiz06/,Claimed,200,19.386338144002366
blknoiz06,Substack,https://substack.com/,https://blknoiz06.substack.com/,Claimed,200,18.997712006006623
blknoiz06,TikTok,https://www.tiktok.com,https://www.tiktok.com/@blknoiz06,Claimed,200,20.138547085007303
blknoiz06,Telegram,https://t.me/,https://t.me/blknoiz06,Claimed,200,19.93530152599851
blknoiz06,Twitch,https://www.twitch.tv,https://www.twitch.tv/blknoiz06,Claimed,200,20.606686106999405
blknoiz06,Xbox Gamertag,https://xboxgamertag.com/,https://xboxgamertag.com/search/blknoiz06,Claimed,200,22.21277369800373
blknoiz06,YouTube,https://www.youtube.com/,https://www.youtube.com/@blknoiz06,Claimed,200,23.816313652001554
blknoiz06,mastodon.social,https://chaos.social/,https://mastodon.social/@blknoiz06,Claimed,200,24.38919857799192
blknoiz06,Pinterest,https://www.pinterest.com/,https://www.pinterest.com/blknoiz06/,Claimed,200,25.8951667650108
